t_s,N_rpm,speed_ratio_numeric,speed_ratio_hyperbola,abs_err
0.0,1160.0000,1.0000000000,1.0000000000,0.000e+00
0.1,1131.7073,0.9756097561,0.9756097561,3.331e-16
0.2,1104.7619,0.9523809524,0.9523809524,2.220e-16
0.3,1079.0698,0.9302325581,0.9302325581,1.110e-16
0.4,1054.5455,0.9090909091,0.9090909091,3.331e-16
0.5,1031.1111,0.8888888889,0.8888888889,7.772e-16
0.6,1008.6957,0.8695652174,0.8695652174,8.882e-16
0.7,987.2340,0.8510638298,0.8510638298,9.992e-16
0.8,966.6667,0.8333333333,0.8333333333,8.882e-16
0.9,946.9388,0.8163265306,0.8163265306,9.992e-16
1.0,928.0000,0.8000000000,0.8000000000,1.443e-15
1.1,909.8039,0.7843137255,0.7843137255,1.554e-15
1.2,892.3077,0.7692307692,0.7692307692,1.443e-15
1.3,875.4717,0.7547169811,0.7547169811,1.443e-15
1.4,859.2593,0.7407407407,0.7407407407,1.332e-15
1.5,843.6364,0.7272727273,0.7272727273,1.554e-15
1.6,828.5714,0.7142857143,0.7142857143,1.443e-15
1.7,814.0351,0.7017543860,0.7017543860,1.443e-15
1.8,800.0000,0.6896551724,0.6896551724,1.887e-15
1.9,786.4407,0.6779661017,0.6779661017,1.776e-15
2.0,773.3333,0.6666666667,0.6666666667,2.109e-15
2.1,760.6557,0.6557377049,0.6557377049,2.109e-15
2.2,748.3871,0.6451612903,0.6451612903,1.665e-15
2.3,736.5079,0.6349206349,0.6349206349,1.443e-15
2.4,725.0000,0.6250000000,0.6250000000,2.109e-15
2.5,713.8462,0.6153846154,0.6153846154,2.109e-15
2.6,703.0303,0.6060606061,0.6060606061,1.887e-15
2.7,692.5373,0.5970149254,0.5970149254,1.221e-15
2.8,682.3529,0.5882352941,0.5882352941,1.110e-15
2.9,672.4638,0.5797101449,0.5797101449,1.443e-15
3.0,662.8571,0.5714285714,0.5714285714,9.992e-16
3.1,653.5211,0.5633802817,0.5633802817,7.772e-16
3.2,644.4444,0.5555555556,0.5555555556,1.221e-15
3.3,635.6164,0.5479452055,0.5479452055,7.772e-16
3.4,627.0270,0.5405405405,0.5405405405,3.331e-16
3.5,618.6667,0.5333333333,0.5333333333,2.220e-16
3.6,610.5263,0.5263157895,0.5263157895,2.220e-16
3.7,602.5974,0.5194805195,0.5194805195,2.220e-16
3.8,594.8718,0.5128205128,0.5128205128,4.441e-16
3.9,587.3418,0.5063291139,0.5063291139,2.220e-16
4.0,580.0000,0.5000000000,0.5000000000,1.110e-16
4.1,572.8395,0.4938271605,0.4938271605,5.551e-17
4.2,565.8537,0.4878048780,0.4878048780,2.220e-16
4.3,559.0361,0.4819277108,0.4819277108,0.000e+00
4.4,552.3810,0.4761904762,0.4761904762,5.551e-17
4.5,545.8824,0.4705882353,0.4705882353,5.551e-17
4.6,539.5349,0.4651162791,0.4651162791,2.220e-16
4.7,533.3333,0.4597701149,0.4597701149,2.776e-16
4.8,527.2727,0.4545454545,0.4545454545,3.331e-16
4.9,521.3483,0.4494382022,0.4494382022,3.331e-16
5.0,515.5556,0.4444444444,0.4444444444,5.551e-16
5.1,509.8901,0.4395604396,0.4395604396,2.220e-16
5.2,504.3478,0.4347826087,0.4347826087,4.441e-16
5.3,498.9247,0.4301075269,0.4301075269,4.441e-16
5.4,493.6170,0.4255319149,0.4255319149,3.886e-16
5.5,488.4211,0.4210526316,0.4210526316,3.886e-16
5.6,483.3333,0.4166666667,0.4166666667,1.665e-16
5.7,478.3505,0.4123711340,0.4123711340,1.110e-16
5.8,473.4694,0.4081632653,0.4081632653,5.551e-17
5.9,468.6869,0.4040404040,0.4040404040,1.110e-16
6.0,464.0000,0.4000000000,0.4000000000,1.110e-16
6.1,459.4059,0.3960396040,0.3960396040,2.220e-16
6.2,454.9020,0.3921568627,0.3921568627,3.886e-16
6.3,450.4854,0.3883495146,0.3883495146,3.886e-16
6.4,446.1538,0.3846153846,0.3846153846,3.331e-16
6.5,441.9048,0.3809523810,0.3809523810,3.886e-16
6.6,437.7358,0.3773584906,0.3773584906,3.331e-16
6.7,433.6449,0.3738317757,0.3738317757,3.331e-16
6.8,429.6296,0.3703703704,0.3703703704,5.551e-16
6.9,425.6881,0.3669724771,0.3669724771,4.996e-16
7.0,421.8182,0.3636363636,0.3636363636,5.551e-16
7.1,418.0180,0.3603603604,0.3603603604,4.996e-16
7.2,414.2857,0.3571428571,0.3571428571,7.772e-16
7.3,410.6195,0.3539823009,0.3539823009,7.216e-16
7.4,407.0175,0.3508771930,0.3508771930,6.661e-16
7.5,403.4783,0.3478260870,0.3478260870,8.327e-16
7.6,400.0000,0.3448275862,0.3448275862,1.055e-15
7.7,396.5812,0.3418803419,0.3418803419,1.110e-15
7.8,393.2203,0.3389830508,0.3389830508,8.882e-16
7.9,389.9160,0.3361344538,0.3361344538,1.055e-15
8.0,386.6667,0.3333333333,0.3333333333,1.110e-15
8.1,383.4711,0.3305785124,0.3305785124,1.388e-15
8.2,380.3279,0.3278688525,0.3278688525,1.499e-15
8.3,377.2358,0.3252032520,0.3252032520,1.277e-15
8.4,374.1935,0.3225806452,0.3225806452,1.110e-15
8.5,371.2000,0.3200000000,0.3200000000,1.221e-15
8.6,368.2540,0.3174603175,0.3174603175,1.332e-15
8.7,365.3543,0.3149606299,0.3149606299,1.332e-15
8.8,362.5000,0.3125000000,0.3125000000,1.166e-15
8.9,359.6899,0.3100775194,0.3100775194,1.110e-15
9.0,356.9231,0.3076923077,0.3076923077,9.992e-16
9.1,354.1985,0.3053435115,0.3053435115,9.437e-16
9.2,351.5152,0.3030303030,0.3030303030,1.166e-15
9.3,348.8722,0.3007518797,0.3007518797,1.221e-15
9.4,346.2687,0.2985074627,0.2985074627,1.221e-15
9.5,343.7037,0.2962962963,0.2962962963,1.332e-15
9.6,341.1765,0.2941176471,0.2941176471,1.443e-15
9.7,338.6861,0.2919708029,0.2919708029,1.277e-15
9.8,336.2319,0.2898550725,0.2898550725,1.110e-15
9.9,333.8129,0.2877697842,0.2877697842,1.110e-15
10.0,331.4286,0.2857142857,0.2857142857,1.221e-15
10.1,329.0780,0.2836879433,0.2836879433,1.277e-15
10.2,326.7606,0.2816901408,0.2816901408,1.221e-15
10.3,324.4755,0.2797202797,0.2797202797,1.055e-15
10.4,322.2222,0.2777777778,0.2777777778,8.327e-16
10.5,320.0000,0.2758620690,0.2758620690,8.882e-16
10.6,317.8082,0.2739726027,0.2739726027,9.992e-16
10.7,315.6463,0.2721088435,0.2721088435,8.882e-16
10.8,313.5135,0.2702702703,0.2702702703,9.992e-16
10.9,311.4094,0.2684563758,0.2684563758,1.166e-15
11.0,309.3333,0.2666666667,0.2666666667,1.110e-15
11.1,307.2848,0.2649006623,0.2649006623,1.443e-15
11.2,305.2632,0.2631578947,0.2631578947,1.110e-15
11.3,303.2680,0.2614379085,0.2614379085,9.992e-16
11.4,301.2987,0.2597402597,0.2597402597,9.437e-16
11.5,299.3548,0.2580645161,0.2580645161,8.882e-16
11.6,297.4359,0.2564102564,0.2564102564,7.772e-16
11.7,295.5414,0.2547770701,0.2547770701,6.661e-16
11.8,293.6709,0.2531645570,0.2531645570,6.661e-16
11.9,291.8239,0.2515723270,0.2515723270,6.106e-16
12.0,290.0000,0.2500000000,0.2500000000,6.106e-16
12.1,288.1988,0.2484472050,0.2484472050,5.551e-16
12.2,286.4198,0.2469135802,0.2469135802,6.939e-16
12.3,284.6626,0.2453987730,0.2453987730,5.274e-16
12.4,282.9268,0.2439024390,0.2439024390,5.274e-16
12.5,281.2121,0.2424242424,0.2424242424,4.441e-16
12.6,279.5181,0.2409638554,0.2409638554,4.441e-16
12.7,277.8443,0.2395209581,0.2395209581,3.331e-16
12.8,276.1905,0.2380952381,0.2380952381,3.331e-16
12.9,274.5562,0.2366863905,0.2366863905,3.053e-16
13.0,272.9412,0.2352941176,0.2352941176,3.608e-16
13.1,271.3450,0.2339181287,0.2339181287,3.608e-16
13.2,269.7674,0.2325581395,0.2325581395,4.441e-16
13.3,268.2081,0.2312138728,0.2312138728,4.996e-16
13.4,266.6667,0.2298850575,0.2298850575,6.106e-16
13.5,265.1429,0.2285714286,0.2285714286,6.106e-16
13.6,263.6364,0.2272727273,0.2272727273,5.274e-16
13.7,262.1469,0.2259887006,0.2259887006,5.829e-16
13.8,260.6742,0.2247191011,0.2247191011,6.939e-16
13.9,259.2179,0.2234636872,0.2234636872,5.829e-16
14.0,257.7778,0.2222222222,0.2222222222,5.829e-16
14.1,256.3536,0.2209944751,0.2209944751,5.274e-16
14.2,254.9451,0.2197802198,0.2197802198,4.996e-16
14.3,253.5519,0.2185792350,0.2185792350,3.331e-16
14.4,252.1739,0.2173913043,0.2173913043,2.776e-16
14.5,250.8108,0.2162162162,0.2162162162,2.498e-16
14.6,249.4624,0.2150537634,0.2150537634,2.220e-16
14.7,248.1283,0.2139037433,0.2139037433,2.220e-16
14.8,246.8085,0.2127659574,0.2127659574,8.327e-17
14.9,245.5026,0.2116402116,0.2116402116,0.000e+00
15.0,244.2105,0.2105263158,0.2105263158,8.327e-17
15.1,242.9319,0.2094240838,0.2094240838,1.943e-16
15.2,241.6667,0.2083333333,0.2083333333,1.665e-16
15.3,240.4145,0.2072538860,0.2072538860,5.551e-17
15.4,239.1753,0.2061855670,0.2061855670,2.776e-17
15.5,237.9487,0.2051282051,0.2051282051,5.551e-17
15.6,236.7347,0.2040816327,0.2040816327,5.551e-17
15.7,235.5330,0.2030456853,0.2030456853,8.327e-17
15.8,234.3434,0.2020202020,0.2020202020,2.776e-17
15.9,233.1658,0.2010050251,0.2010050251,5.551e-17
16.0,232.0000,0.2000000000,0.2000000000,8.327e-17
16.1,230.8458,0.1990049751,0.1990049751,1.110e-16
16.2,229.7030,0.1980198020,0.1980198020,0.000e+00
16.3,228.5714,0.1970443350,0.1970443350,8.327e-17
16.4,227.4510,0.1960784314,0.1960784314,5.551e-17
16.5,226.3415,0.1951219512,0.1951219512,2.776e-17
16.6,225.2427,0.1941747573,0.1941747573,2.776e-17
16.7,224.1546,0.1932367150,0.1932367150,1.665e-16
16.8,223.0769,0.1923076923,0.1923076923,2.220e-16
16.9,222.0096,0.1913875598,0.1913875598,2.498e-16
17.0,220.9524,0.1904761905,0.1904761905,2.498e-16
17.1,219.9052,0.1895734597,0.1895734597,3.331e-16
17.2,218.8679,0.1886792453,0.1886792453,2.498e-16
17.3,217.8404,0.1877934272,0.1877934272,1.943e-16
17.4,216.8224,0.1869158879,0.1869158879,1.943e-16
17.5,215.8140,0.1860465116,0.1860465116,2.498e-16
17.6,214.8148,0.1851851852,0.1851851852,1.110e-16
17.7,213.8249,0.1843317972,0.1843317972,2.220e-16
17.8,212.8440,0.1834862385,0.1834862385,8.327e-17
17.9,211.8721,0.1826484018,0.1826484018,0.000e+00
18.0,210.9091,0.1818181818,0.1818181818,0.000e+00
18.1,209.9548,0.1809954751,0.1809954751,0.000e+00
18.2,209.0090,0.1801801802,0.1801801802,2.776e-17
18.3,208.0717,0.1793721973,0.1793721973,2.776e-17
18.4,207.1429,0.1785714286,0.1785714286,5.551e-17
18.5,206.2222,0.1777777778,0.1777777778,1.943e-16
18.6,205.3097,0.1769911504,0.1769911504,2.220e-16
18.7,204.4053,0.1762114537,0.1762114537,2.220e-16
18.8,203.5088,0.1754385965,0.1754385965,1.665e-16
18.9,202.6201,0.1746724891,0.1746724891,1.665e-16
19.0,201.7391,0.1739130435,0.1739130435,2.776e-17
19.1,200.8658,0.1731601732,0.1731601732,1.665e-16
19.2,200.0000,0.1724137931,0.1724137931,1.665e-16
19.3,199.1416,0.1716738197,0.1716738197,1.388e-16
19.4,198.2906,0.1709401709,0.1709401709,8.327e-17
19.5,197.4468,0.1702127660,0.1702127660,5.551e-17
19.6,196.6102,0.1694915254,0.1694915254,2.776e-17
19.7,195.7806,0.1687763713,0.1687763713,5.551e-17
19.8,194.9580,0.1680672269,0.1680672269,2.776e-16
19.9,194.1423,0.1673640167,0.1673640167,2.776e-16
20.0,193.3333,0.1666666667,0.1666666667,2.498e-16
20.1,192.5311,0.1659751037,0.1659751037,3.331e-16
20.2,191.7355,0.1652892562,0.1652892562,4.718e-16
20.3,190.9465,0.1646090535,0.1646090535,4.441e-16
20.4,190.1639,0.1639344262,0.1639344262,5.274e-16
20.5,189.3878,0.1632653061,0.1632653061,4.441e-16
20.6,188.6179,0.1626016260,0.1626016260,3.331e-16
20.7,187.8543,0.1619433198,0.1619433198,3.608e-16
20.8,187.0968,0.1612903226,0.1612903226,3.331e-16
20.9,186.3454,0.1606425703,0.1606425703,3.886e-16
21.0,185.6000,0.1600000000,0.1600000000,3.886e-16
21.1,184.8606,0.1593625498,0.1593625498,2.498e-16
21.2,184.1270,0.1587301587,0.1587301587,2.220e-16
21.3,183.3992,0.1581027668,0.1581027668,0.000e+00
21.4,182.6772,0.1574803150,0.1574803150,1.388e-16
21.5,181.9608,0.1568627451,0.1568627451,1.665e-16
21.6,181.2500,0.1562500000,0.1562500000,1.388e-16
21.7,180.5447,0.1556420233,0.1556420233,5.551e-17
21.8,179.8450,0.1550387597,0.1550387597,5.551e-17
21.9,179.1506,0.1544401544,0.1544401544,2.220e-16
22.0,178.4615,0.1538461538,0.1538461538,2.220e-16
22.1,177.7778,0.1532567050,0.1532567050,1.943e-16
22.2,177.0992,0.1526717557,0.1526717557,2.220e-16
22.3,176.4259,0.1520912548,0.1520912548,2.498e-16
22.4,175.7576,0.1515151515,0.1515151515,1.665e-16
22.5,175.0943,0.1509433962,0.1509433962,2.776e-16
22.6,174.4361,0.1503759398,0.1503759398,2.220e-16
22.7,173.7828,0.1498127341,0.1498127341,1.665e-16
22.8,173.1343,0.1492537313,0.1492537313,1.665e-16
22.9,172.4907,0.1486988848,0.1486988848,3.053e-16
23.0,171.8519,0.1481481481,0.1481481481,3.886e-16
23.1,171.2177,0.1476014760,0.1476014760,3.886e-16
23.2,170.5882,0.1470588235,0.1470588235,3.053e-16
23.3,169.9634,0.1465201465,0.1465201465,2.220e-16
23.4,169.3431,0.1459854015,0.1459854015,8.327e-17
23.5,168.7273,0.1454545455,0.1454545455,1.943e-16
23.6,168.1159,0.1449275362,0.1449275362,5.551e-17
23.7,167.5090,0.1444043321,0.1444043321,1.388e-16
23.8,166.9065,0.1438848921,0.1438848921,5.551e-17
23.9,166.3082,0.1433691756,0.1433691756,1.665e-16
24.0,165.7143,0.1428571429,0.1428571429,1.110e-16
24.1,165.1246,0.1423487544,0.1423487544,2.776e-17
24.2,164.5390,0.1418439716,0.1418439716,0.000e+00
24.3,163.9576,0.1413427562,0.1413427562,8.327e-17
24.4,163.3803,0.1408450704,0.1408450704,2.220e-16
24.5,162.8070,0.1403508772,0.1403508772,3.331e-16
24.6,162.2378,0.1398601399,0.1398601399,1.388e-16
24.7,161.6725,0.1393728223,0.1393728223,8.327e-17
24.8,161.1111,0.1388888889,0.1388888889,2.776e-17
24.9,160.5536,0.1384083045,0.1384083045,1.388e-16
25.0,160.0000,0.1379310345,0.1379310345,2.220e-16
25.1,159.4502,0.1374570447,0.1374570447,2.220e-16
25.2,158.9041,0.1369863014,0.1369863014,2.498e-16
25.3,158.3618,0.1365187713,0.1365187713,3.608e-16
25.4,157.8231,0.1360544218,0.1360544218,3.331e-16
25.5,157.2881,0.1355932203,0.1355932203,2.498e-16
25.6,156.7568,0.1351351351,0.1351351351,2.498e-16
25.7,156.2290,0.1346801347,0.1346801347,4.996e-16
25.8,155.7047,0.1342281879,0.1342281879,5.274e-16
25.9,155.1839,0.1337792642,0.1337792642,4.718e-16
26.0,154.6667,0.1333333333,0.1333333333,4.163e-16
26.1,154.1528,0.1328903654,0.1328903654,4.163e-16
26.2,153.6424,0.1324503311,0.1324503311,2.776e-16
26.3,153.1353,0.1320132013,0.1320132013,2.220e-16
26.4,152.6316,0.1315789474,0.1315789474,2.776e-16
26.5,152.1311,0.1311475410,0.1311475410,2.776e-16
26.6,151.6340,0.1307189542,0.1307189542,3.053e-16
26.7,151.1401,0.1302931596,0.1302931596,1.943e-16
26.8,150.6494,0.1298701299,0.1298701299,2.498e-16
26.9,150.1618,0.1294498382,0.1294498382,2.220e-16
27.0,149.6774,0.1290322581,0.1290322581,2.498e-16
27.1,149.1961,0.1286173633,0.1286173633,2.498e-16
27.2,148.7179,0.1282051282,0.1282051282,2.776e-16
27.3,148.2428,0.1277955272,0.1277955272,3.053e-16
27.4,147.7707,0.1273885350,0.1273885350,2.220e-16
27.5,147.3016,0.1269841270,0.1269841270,1.665e-16
27.6,146.8354,0.1265822785,0.1265822785,1.943e-16
27.7,146.3722,0.1261829653,0.1261829653,1.665e-16
27.8,145.9119,0.1257861635,0.1257861635,2.498e-16
27.9,145.4545,0.1253918495,0.1253918495,2.776e-16
28.0,145.0000,0.1250000000,0.1250000000,1.943e-16
28.1,144.5483,0.1246105919,0.1246105919,2.220e-16
28.2,144.0994,0.1242236025,0.1242236025,2.220e-16
28.3,143.6533,0.1238390093,0.1238390093,2.220e-16
28.4,143.2099,0.1234567901,0.1234567901,1.804e-16
28.5,142.7692,0.1230769231,0.1230769231,1.665e-16
28.6,142.3313,0.1226993865,0.1226993865,1.804e-16
28.7,141.8960,0.1223241590,0.1223241590,1.527e-16
28.8,141.4634,0.1219512195,0.1219512195,1.527e-16
28.9,141.0334,0.1215805471,0.1215805471,9.714e-17
29.0,140.6061,0.1212121212,0.1212121212,1.110e-16
29.1,140.1813,0.1208459215,0.1208459215,2.776e-17
29.2,139.7590,0.1204819277,0.1204819277,5.551e-17
29.3,139.3393,0.1201201201,0.1201201201,6.939e-17
29.4,138.9222,0.1197604790,0.1197604790,1.665e-16
29.5,138.5075,0.1194029851,0.1194029851,1.388e-16
29.6,138.0952,0.1190476190,0.1190476190,8.327e-17
29.7,137.6855,0.1186943620,0.1186943620,8.327e-17
29.8,137.2781,0.1183431953,0.1183431953,6.939e-17
29.9,136.8732,0.1179941003,0.1179941003,1.388e-17
30.0,136.4706,0.1176470588,0.1176470588,1.388e-17
30.1,136.0704,0.1173020528,0.1173020528,6.939e-17
30.2,135.6725,0.1169590643,0.1169590643,4.163e-17
30.3,135.2770,0.1166180758,0.1166180758,5.551e-17
30.4,134.8837,0.1162790698,0.1162790698,8.327e-17
30.5,134.4928,0.1159420290,0.1159420290,5.551e-17
30.6,134.1040,0.1156069364,0.1156069364,5.551e-17
30.7,133.7176,0.1152737752,0.1152737752,9.714e-17
30.8,133.3333,0.1149425287,0.1149425287,9.714e-17
30.9,132.9513,0.1146131805,0.1146131805,6.939e-17
31.0,132.5714,0.1142857143,0.1142857143,0.000e+00
31.1,132.1937,0.1139601140,0.1139601140,5.551e-17
31.2,131.8182,0.1136363636,0.1136363636,5.551e-17
31.3,131.4448,0.1133144476,0.1133144476,9.714e-17
31.4,131.0734,0.1129943503,0.1129943503,1.388e-16
31.5,130.7042,0.1126760563,0.1126760563,9.714e-17
31.6,130.3371,0.1123595506,0.1123595506,5.551e-17
31.7,129.9720,0.1120448179,0.1120448179,9.714e-17
31.8,129.6089,0.1117318436,0.1117318436,6.939e-17
31.9,129.2479,0.1114206128,0.1114206128,1.249e-16
32.0,128.8889,0.1111111111,0.1111111111,6.939e-17
32.1,128.5319,0.1108033241,0.1108033241,2.776e-17
32.2,128.1768,0.1104972376,0.1104972376,0.000e+00
32.3,127.8237,0.1101928375,0.1101928375,5.551e-17
32.4,127.4725,0.1098901099,0.1098901099,4.163e-17
32.5,127.1233,0.1095890411,0.1095890411,0.000e+00
32.6,126.7760,0.1092896175,0.1092896175,1.110e-16
32.7,126.4305,0.1089918256,0.1089918256,8.327e-17
32.8,126.0870,0.1086956522,0.1086956522,1.110e-16
32.9,125.7453,0.1084010840,0.1084010840,1.110e-16
33.0,125.4054,0.1081081081,0.1081081081,1.249e-16
33.1,125.0674,0.1078167116,0.1078167116,1.527e-16
33.2,124.7312,0.1075268817,0.1075268817,1.527e-16
33.3,124.3968,0.1072386059,0.1072386059,1.388e-16
33.4,124.0642,0.1069518717,0.1069518717,2.220e-16
33.5,123.7333,0.1066666667,0.1066666667,2.220e-16
33.6,123.4043,0.1063829787,0.1063829787,1.943e-16
33.7,123.0769,0.1061007958,0.1061007958,1.804e-16
33.8,122.7513,0.1058201058,0.1058201058,2.914e-16
33.9,122.4274,0.1055408971,0.1055408971,2.914e-16
34.0,122.1053,0.1052631579,0.1052631579,3.192e-16
34.1,121.7848,0.1049868766,0.1049868766,3.331e-16
34.2,121.4660,0.1047120419,0.1047120419,3.469e-16
34.3,121.1488,0.1044386423,0.1044386423,3.747e-16
34.4,120.8333,0.1041666667,0.1041666667,3.192e-16
34.5,120.5195,0.1038961039,0.1038961039,3.608e-16
34.6,120.2073,0.1036269430,0.1036269430,4.025e-16
34.7,119.8966,0.1033591731,0.1033591731,4.025e-16
34.8,119.5876,0.1030927835,0.1030927835,4.025e-16
34.9,119.2802,0.1028277635,0.1028277635,3.886e-16
35.0,118.9744,0.1025641026,0.1025641026,3.886e-16
35.1,118.6701,0.1023017903,0.1023017903,4.163e-16
35.2,118.3673,0.1020408163,0.1020408163,3.747e-16
35.3,118.0662,0.1017811705,0.1017811705,4.302e-16
35.4,117.7665,0.1015228426,0.1015228426,4.025e-16
35.5,117.4684,0.1012658228,0.1012658228,3.747e-16
35.6,117.1717,0.1010101010,0.1010101010,4.025e-16
35.7,116.8766,0.1007556675,0.1007556675,3.747e-16
35.8,116.5829,0.1005025126,0.1005025126,3.886e-16
35.9,116.2907,0.1002506266,0.1002506266,3.608e-16
36.0,116.0000,0.1000000000,0.1000000000,3.469e-16
36.1,115.7107,0.0997506234,0.0997506234,3.331e-16
36.2,115.4229,0.0995024876,0.0995024876,3.331e-16
36.3,115.1365,0.0992555831,0.0992555831,2.776e-16
36.4,114.8515,0.0990099010,0.0990099010,2.776e-16
36.5,114.5679,0.0987654321,0.0987654321,3.192e-16
36.6,114.2857,0.0985221675,0.0985221675,3.192e-16
36.7,114.0049,0.0982800983,0.0982800983,2.220e-16
36.8,113.7255,0.0980392157,0.0980392157,1.804e-16
36.9,113.4474,0.0977995110,0.0977995110,2.359e-16
37.0,113.1707,0.0975609756,0.0975609756,1.943e-16
37.1,112.8954,0.0973236010,0.0973236010,2.637e-16
37.2,112.6214,0.0970873786,0.0970873786,3.469e-16
37.3,112.3487,0.0968523002,0.0968523002,3.469e-16
37.4,112.0773,0.0966183575,0.0966183575,3.192e-16
37.5,111.8072,0.0963855422,0.0963855422,2.637e-16
37.6,111.5385,0.0961538462,0.0961538462,2.498e-16
37.7,111.2710,0.0959232614,0.0959232614,2.776e-16
37.8,111.0048,0.0956937799,0.0956937799,2.637e-16
37.9,110.7399,0.0954653938,0.0954653938,1.804e-16
38.0,110.4762,0.0952380952,0.0952380952,1.110e-16
38.1,110.2138,0.0950118765,0.0950118765,9.714e-17
38.2,109.9526,0.0947867299,0.0947867299,1.110e-16
38.3,109.6927,0.0945626478,0.0945626478,1.249e-16
38.4,109.4340,0.0943396226,0.0943396226,1.249e-16
38.5,109.1765,0.0941176471,0.0941176471,1.804e-16
38.6,108.9202,0.0938967136,0.0938967136,1.527e-16
38.7,108.6651,0.0936768150,0.0936768150,1.943e-16
38.8,108.4112,0.0934579439,0.0934579439,1.665e-16
38.9,108.1585,0.0932400932,0.0932400932,1.527e-16
39.0,107.9070,0.0930232558,0.0930232558,1.527e-16
39.1,107.6566,0.0928074246,0.0928074246,1.249e-16
39.2,107.4074,0.0925925926,0.0925925926,1.110e-16
39.3,107.1594,0.0923787529,0.0923787529,1.804e-16
39.4,106.9124,0.0921658986,0.0921658986,2.082e-16
39.5,106.6667,0.0919540230,0.0919540230,2.498e-16
39.6,106.4220,0.0917431193,0.0917431193,3.608e-16
39.7,106.1785,0.0915331808,0.0915331808,3.886e-16
39.8,105.9361,0.0913242009,0.0913242009,3.886e-16
39.9,105.6948,0.0911161731,0.0911161731,3.331e-16
40.0,105.4545,0.0909090909,0.0909090909,3.192e-16
40.1,105.2154,0.0907029478,0.0907029478,3.331e-16
40.2,104.9774,0.0904977376,0.0904977376,3.469e-16
40.3,104.7404,0.0902934537,0.0902934537,3.469e-16
40.4,104.5045,0.0900900901,0.0900900901,4.163e-16
40.5,104.2697,0.0898876404,0.0898876404,4.718e-16
40.6,104.0359,0.0896860987,0.0896860987,5.135e-16
40.7,103.8031,0.0894854586,0.0894854586,5.274e-16
40.8,103.5714,0.0892857143,0.0892857143,5.135e-16
40.9,103.3408,0.0890868597,0.0890868597,4.857e-16
41.0,103.1111,0.0888888889,0.0888888889,4.996e-16
41.1,102.8825,0.0886917960,0.0886917960,4.302e-16
41.2,102.6549,0.0884955752,0.0884955752,4.580e-16
41.3,102.4283,0.0883002208,0.0883002208,4.580e-16
41.4,102.2026,0.0881057269,0.0881057269,3.886e-16
41.5,101.9780,0.0879120879,0.0879120879,5.274e-16
41.6,101.7544,0.0877192982,0.0877192982,4.441e-16
41.7,101.5317,0.0875273523,0.0875273523,4.302e-16
41.8,101.3100,0.0873362445,0.0873362445,4.025e-16
41.9,101.0893,0.0871459695,0.0871459695,3.747e-16
42.0,100.8696,0.0869565217,0.0869565217,4.302e-16
42.1,100.6508,0.0867678959,0.0867678959,3.886e-16
42.2,100.4329,0.0865800866,0.0865800866,4.163e-16
42.3,100.2160,0.0863930886,0.0863930886,4.857e-16
42.4,100.0000,0.0862068966,0.0862068966,4.857e-16
42.5,99.7849,0.0860215054,0.0860215054,5.274e-16
42.6,99.5708,0.0858369099,0.0858369099,5.967e-16
42.7,99.3576,0.0856531049,0.0856531049,6.245e-16
42.8,99.1453,0.0854700855,0.0854700855,5.967e-16
42.9,98.9339,0.0852878465,0.0852878465,6.384e-16
43.0,98.7234,0.0851063830,0.0851063830,6.939e-16
43.1,98.5138,0.0849256900,0.0849256900,7.216e-16
43.2,98.3051,0.0847457627,0.0847457627,7.078e-16
43.3,98.0973,0.0845665962,0.0845665962,7.216e-16
43.4,97.8903,0.0843881857,0.0843881857,6.106e-16
43.5,97.6842,0.0842105263,0.0842105263,6.661e-16
43.6,97.4790,0.0840336134,0.0840336134,6.384e-16
43.7,97.2746,0.0838574423,0.0838574423,6.384e-16
43.8,97.0711,0.0836820084,0.0836820084,7.078e-16
43.9,96.8685,0.0835073069,0.0835073069,7.633e-16
44.0,96.6667,0.0833333333,0.0833333333,7.078e-16
44.1,96.4657,0.0831600832,0.0831600832,6.800e-16
44.2,96.2656,0.0829875519,0.0829875519,6.661e-16
44.3,96.0663,0.0828157350,0.0828157350,6.800e-16
44.4,95.8678,0.0826446281,0.0826446281,6.800e-16
44.5,95.6701,0.0824742268,0.0824742268,7.216e-16
44.6,95.4733,0.0823045267,0.0823045267,6.800e-16
44.7,95.2772,0.0821355236,0.0821355236,6.939e-16
44.8,95.0820,0.0819672131,0.0819672131,7.078e-16
44.9,94.8875,0.0817995910,0.0817995910,6.523e-16
45.0,94.6939,0.0816326531,0.0816326531,5.551e-16
45.1,94.5010,0.0814663951,0.0814663951,6.523e-16
45.2,94.3089,0.0813008130,0.0813008130,6.939e-16
45.3,94.1176,0.0811359026,0.0811359026,6.106e-16
45.4,93.9271,0.0809716599,0.0809716599,6.384e-16
45.5,93.7374,0.0808080808,0.0808080808,6.661e-16
45.6,93.5484,0.0806451613,0.0806451613,6.106e-16
45.7,93.3602,0.0804828974,0.0804828974,5.967e-16
45.8,93.1727,0.0803212851,0.0803212851,6.106e-16
45.9,92.9860,0.0801603206,0.0801603206,5.412e-16
46.0,92.8000,0.0800000000,0.0800000000,4.580e-16
46.1,92.6148,0.0798403194,0.0798403194,4.025e-16
46.2,92.4303,0.0796812749,0.0796812749,2.776e-16
46.3,92.2465,0.0795228628,0.0795228628,2.914e-16
46.4,92.0635,0.0793650794,0.0793650794,3.053e-16
46.5,91.8812,0.0792079208,0.0792079208,2.776e-16
46.6,91.6996,0.0790513834,0.0790513834,2.776e-16
46.7,91.5187,0.0788954635,0.0788954635,3.053e-16
46.8,91.3386,0.0787401575,0.0787401575,3.747e-16
46.9,91.1591,0.0785854617,0.0785854617,3.469e-16
47.0,90.9804,0.0784313725,0.0784313725,3.469e-16
47.1,90.8023,0.0782778865,0.0782778865,3.331e-16
47.2,90.6250,0.0781250000,0.0781250000,4.441e-16
47.3,90.4483,0.0779727096,0.0779727096,4.302e-16
47.4,90.2724,0.0778210117,0.0778210117,4.025e-16
47.5,90.0971,0.0776699029,0.0776699029,4.857e-16
47.6,89.9225,0.0775193798,0.0775193798,4.996e-16
47.7,89.7485,0.0773694391,0.0773694391,5.690e-16
47.8,89.5753,0.0772200772,0.0772200772,5.967e-16
47.9,89.4027,0.0770712909,0.0770712909,5.967e-16
48.0,89.2308,0.0769230769,0.0769230769,6.939e-16
48.1,89.0595,0.0767754319,0.0767754319,6.661e-16
48.2,88.8889,0.0766283525,0.0766283525,7.078e-16
48.3,88.7189,0.0764818356,0.0764818356,6.523e-16
48.4,88.5496,0.0763358779,0.0763358779,6.800e-16
48.5,88.3810,0.0761904762,0.0761904762,6.800e-16
48.6,88.2129,0.0760456274,0.0760456274,7.216e-16
48.7,88.0455,0.0759013283,0.0759013283,7.216e-16
48.8,87.8788,0.0757575758,0.0757575758,6.800e-16
48.9,87.7127,0.0756143667,0.0756143667,6.523e-16
49.0,87.5472,0.0754716981,0.0754716981,6.245e-16
49.1,87.3823,0.0753295669,0.0753295669,5.690e-16
49.2,87.2180,0.0751879699,0.0751879699,5.967e-16
49.3,87.0544,0.0750469043,0.0750469043,5.690e-16
49.4,86.8914,0.0749063670,0.0749063670,5.551e-16
49.5,86.7290,0.0747663551,0.0747663551,5.690e-16
49.6,86.5672,0.0746268657,0.0746268657,5.412e-16
49.7,86.4060,0.0744878957,0.0744878957,5.412e-16
49.8,86.2454,0.0743494424,0.0743494424,5.551e-16
49.9,86.0853,0.0742115028,0.0742115028,4.996e-16
50.0,85.9259,0.0740740741,0.0740740741,5.412e-16
50.1,85.7671,0.0739371534,0.0739371534,6.384e-16
50.2,85.6089,0.0738007380,0.0738007380,6.523e-16
50.3,85.4512,0.0736648250,0.0736648250,6.939e-16
50.4,85.2941,0.0735294118,0.0735294118,7.078e-16
50.5,85.1376,0.0733944954,0.0733944954,6.800e-16
50.6,84.9817,0.0732600733,0.0732600733,7.216e-16
50.7,84.8263,0.0731261426,0.0731261426,7.355e-16
50.8,84.6715,0.0729927007,0.0729927007,7.772e-16
50.9,84.5173,0.0728597450,0.0728597450,7.216e-16
51.0,84.3636,0.0727272727,0.0727272727,7.355e-16
51.1,84.2105,0.0725952813,0.0725952813,7.078e-16
51.2,84.0580,0.0724637681,0.0724637681,6.661e-16
51.3,83.9060,0.0723327306,0.0723327306,6.523e-16
51.4,83.7545,0.0722021661,0.0722021661,6.245e-16
51.5,83.6036,0.0720720721,0.0720720721,6.661e-16
51.6,83.4532,0.0719424460,0.0719424460,6.384e-16
51.7,83.3034,0.0718132855,0.0718132855,5.690e-16
51.8,83.1541,0.0716845878,0.0716845878,5.135e-16
51.9,83.0054,0.0715563506,0.0715563506,5.135e-16
52.0,82.8571,0.0714285714,0.0714285714,5.412e-16
52.1,82.7094,0.0713012478,0.0713012478,5.551e-16
52.2,82.5623,0.0711743772,0.0711743772,5.829e-16
52.3,82.4156,0.0710479574,0.0710479574,5.829e-16
52.4,82.2695,0.0709219858,0.0709219858,4.857e-16
52.5,82.1239,0.0707964602,0.0707964602,5.412e-16
52.6,81.9788,0.0706713781,0.0706713781,5.967e-16
52.7,81.8342,0.0705467372,0.0705467372,5.274e-16
52.8,81.6901,0.0704225352,0.0704225352,4.718e-16
52.9,81.5466,0.0702987698,0.0702987698,4.857e-16
53.0,81.4035,0.0701754386,0.0701754386,4.163e-16
53.1,81.2609,0.0700525394,0.0700525394,4.163e-16
53.2,81.1189,0.0699300699,0.0699300699,4.163e-16
53.3,80.9773,0.0698080279,0.0698080279,3.886e-16
53.4,80.8362,0.0696864111,0.0696864111,3.886e-16
53.5,80.6957,0.0695652174,0.0695652174,4.163e-16
53.6,80.5556,0.0694444444,0.0694444444,4.580e-16
53.7,80.4159,0.0693240901,0.0693240901,5.274e-16
53.8,80.2768,0.0692041522,0.0692041522,4.996e-16
53.9,80.1382,0.0690846287,0.0690846287,4.996e-16
54.0,80.0000,0.0689655172,0.0689655172,5.551e-16
54.1,79.8623,0.0688468158,0.0688468158,5.135e-16
54.2,79.7251,0.0687285223,0.0687285223,5.135e-16
54.3,79.5883,0.0686106346,0.0686106346,4.580e-16
54.4,79.4521,0.0684931507,0.0684931507,4.580e-16
54.5,79.3162,0.0683760684,0.0683760684,4.441e-16
54.6,79.1809,0.0682593857,0.0682593857,4.025e-16
54.7,79.0460,0.0681431005,0.0681431005,3.747e-16
54.8,78.9116,0.0680272109,0.0680272109,3.469e-16
54.9,78.7776,0.0679117148,0.0679117148,3.053e-16
55.0,78.6441,0.0677966102,0.0677966102,2.914e-16
55.1,78.5110,0.0676818951,0.0676818951,2.220e-16
55.2,78.3784,0.0675675676,0.0675675676,3.192e-16
55.3,78.2462,0.0674536256,0.0674536256,3.053e-16
55.4,78.1145,0.0673400673,0.0673400673,2.914e-16
55.5,77.9832,0.0672268908,0.0672268908,2.776e-16
55.6,77.8523,0.0671140940,0.0671140940,2.776e-16
55.7,77.7219,0.0670016750,0.0670016750,3.053e-16
55.8,77.5920,0.0668896321,0.0668896321,3.747e-16
55.9,77.4624,0.0667779633,0.0667779633,4.302e-16
56.0,77.3333,0.0666666667,0.0666666667,4.025e-16
56.1,77.2047,0.0665557404,0.0665557404,3.608e-16
56.2,77.0764,0.0664451827,0.0664451827,3.469e-16
56.3,76.9486,0.0663349917,0.0663349917,3.608e-16
56.4,76.8212,0.0662251656,0.0662251656,4.025e-16
56.5,76.6942,0.0661157025,0.0661157025,4.580e-16
56.6,76.5677,0.0660066007,0.0660066007,5.135e-16
56.7,76.4415,0.0658978583,0.0658978583,4.857e-16
56.8,76.3158,0.0657894737,0.0657894737,4.441e-16
56.9,76.1905,0.0656814450,0.0656814450,3.886e-16
57.0,76.0656,0.0655737705,0.0655737705,4.441e-16
57.1,75.9411,0.0654664484,0.0654664484,4.025e-16
57.2,75.8170,0.0653594771,0.0653594771,4.302e-16
57.3,75.6933,0.0652528548,0.0652528548,4.025e-16
57.4,75.5700,0.0651465798,0.0651465798,3.886e-16
57.5,75.4472,0.0650406504,0.0650406504,4.025e-16
57.6,75.3247,0.0649350649,0.0649350649,3.886e-16
57.7,75.2026,0.0648298217,0.0648298217,3.608e-16
57.8,75.0809,0.0647249191,0.0647249191,3.192e-16
57.9,74.9596,0.0646203554,0.0646203554,3.331e-16
58.0,74.8387,0.0645161290,0.0645161290,3.331e-16
58.1,74.7182,0.0644122383,0.0644122383,3.331e-16
58.2,74.5981,0.0643086817,0.0643086817,3.469e-16
58.3,74.4783,0.0642054575,0.0642054575,3.469e-16
58.4,74.3590,0.0641025641,0.0641025641,3.469e-16
58.5,74.2400,0.0640000000,0.0640000000,3.331e-16
58.6,74.1214,0.0638977636,0.0638977636,3.469e-16
58.7,74.0032,0.0637958533,0.0637958533,3.608e-16
58.8,73.8854,0.0636942675,0.0636942675,3.608e-16
58.9,73.7679,0.0635930048,0.0635930048,3.747e-16
59.0,73.6508,0.0634920635,0.0634920635,4.025e-16
59.1,73.5341,0.0633914422,0.0633914422,4.302e-16
59.2,73.4177,0.0632911392,0.0632911392,4.302e-16
59.3,73.3017,0.0631911532,0.0631911532,4.163e-16
59.4,73.1861,0.0630914826,0.0630914826,4.025e-16
59.5,73.0709,0.0629921260,0.0629921260,4.025e-16
59.6,72.9560,0.0628930818,0.0628930818,4.025e-16
59.7,72.8414,0.0627943485,0.0627943485,4.025e-16
59.8,72.7273,0.0626959248,0.0626959248,4.302e-16
59.9,72.6135,0.0625978091,0.0625978091,4.025e-16
60.0,72.5000,0.0625000000,0.0625000000,3.955e-16
