t_s,N_rpm,speed_ratio_numeric,speed_ratio_tanh,abs_err,flow_ratio_lumped_estimate
0.0,0.0000,0.0000000000,0.0000000000,0.000e+00,0.000000
0.1,28.9940,0.0249947930,0.0249947930,6.939e-18,0.000036
0.2,57.9517,0.0499583750,0.0499583750,0.000e+00,0.000291
0.3,86.8372,0.0748596907,0.0748596907,1.388e-17,0.000982
0.4,115.6149,0.0996679946,0.0996679946,1.388e-17,0.002323
0.5,144.2495,0.1243530018,0.1243530018,5.551e-17,0.004525
0.6,172.7066,0.1488850336,0.1488850336,0.000e+00,0.007792
0.7,200.9528,0.1732351578,0.1732351578,2.776e-17,0.012322
0.8,228.9554,0.1973753202,0.1973753202,1.665e-16,0.018297
0.9,256.6830,0.2212784679,0.2212784679,1.388e-16,0.025887
1.0,284.1056,0.2449186624,0.2449186624,2.220e-16,0.035239
1.1,311.1946,0.2682711820,0.2682711820,2.776e-16,0.046475
1.2,337.9226,0.2913126125,0.2913126125,5.551e-16,0.059687
1.3,364.2643,0.3140209253,0.3140209253,7.216e-16,0.074930
1.4,390.1956,0.3363755443,0.3363755443,7.216e-16,0.092219
1.5,415.6946,0.3583573984,0.3583573984,6.661e-16,0.111522
1.6,440.7408,0.3799489623,0.3799489623,4.996e-16,0.132761
1.7,465.3158,0.4011342849,0.4011342849,6.661e-16,0.155811
1.8,489.4028,0.4218990053,0.4218990053,8.882e-16,0.180498
1.9,512.9872,0.4422303560,0.4422303560,9.992e-16,0.206609
2.0,536.0559,0.4621171573,0.4621171573,1.055e-15,0.233896
2.1,558.5978,0.4815497984,0.4815497984,1.055e-15,0.262087
2.2,580.6034,0.5005202112,0.5005202112,8.882e-16,0.290896
2.3,602.0653,0.5190218339,0.5190218339,9.992e-16,0.320032
2.4,622.9775,0.5370495670,0.5370495670,9.992e-16,0.349217
2.5,643.3357,0.5545997223,0.5545997223,6.661e-16,0.378189
2.6,663.1372,0.5716699661,0.5716699661,5.551e-16,0.406714
2.7,682.3807,0.5882592564,0.5882592564,4.441e-16,0.434591
2.8,701.0666,0.6043677771,0.6043677771,5.551e-16,0.461655
2.9,719.1964,0.6199968680,0.6199968680,7.772e-16,0.487780
3.0,736.7728,0.6351489524,0.6351489524,1.110e-15,0.512873
3.1,753.7999,0.6498274637,0.6498274637,1.332e-15,0.536876
3.2,770.2827,0.6640367703,0.6640367703,8.882e-16,0.559762
3.3,786.2272,0.6777821008,0.6777821008,1.110e-15,0.581524
3.4,801.6406,0.6910694698,0.6910694698,9.992e-16,0.602178
3.5,816.5305,0.7039056039,0.7039056039,8.882e-16,0.621754
3.6,830.9055,0.7162978702,0.7162978702,1.665e-15,0.640294
3.7,844.7749,0.7282542060,0.7282542060,1.554e-15,0.657843
3.8,858.1483,0.7397830513,0.7397830513,2.220e-15,0.674456
3.9,871.0362,0.7508932836,0.7508932836,2.442e-15,0.690184
4.0,883.4492,0.7615941560,0.7615941560,2.554e-15,0.705081
4.1,895.3985,0.7718952374,0.7718952374,2.554e-15,0.719199
4.2,906.8954,0.7818063576,0.7818063576,2.665e-15,0.732587
4.3,917.9516,0.7913375538,0.7913375538,2.665e-15,0.745291
4.4,928.5789,0.8004990218,0.8004990218,2.220e-15,0.757355
4.5,938.7892,0.8093010702,0.8093010702,2.665e-15,0.768818
4.6,948.5947,0.8177540780,0.8177540780,2.331e-15,0.779718
4.7,958.0074,0.8258684551,0.8258684551,2.109e-15,0.790087
4.8,967.0393,0.8336546070,0.8336546070,2.220e-15,0.799957
4.9,975.7026,0.8411229016,0.8411229016,2.331e-15,0.809355
5.0,984.0090,0.8482836400,0.8482836400,2.331e-15,0.818308
5.1,991.9706,0.8551470293,0.8551470293,2.665e-15,0.826840
5.2,999.5989,0.8617231593,0.8617231593,2.554e-15,0.834973
5.3,1006.9055,0.8680219810,0.8680219810,2.442e-15,0.842726
5.4,1013.9018,0.8740532879,0.8740532879,2.109e-15,0.850119
5.5,1020.5990,0.8798266997,0.8798266997,1.998e-15,0.857169
5.6,1027.0079,0.8853516482,0.8853516482,1.887e-15,0.863893
5.7,1033.1393,0.8906373656,0.8906373656,1.665e-15,0.870306
5.8,1039.0037,0.8956928738,0.8956928738,1.665e-15,0.876423
5.9,1044.6113,0.9005269769,0.9005269769,1.110e-15,0.882257
6.0,1049.9720,0.9051482536,0.9051482536,1.443e-15,0.887822
6.1,1055.0955,0.9095650530,0.9095650530,1.665e-15,0.893130
6.2,1059.9912,0.9137854901,0.9137854901,1.332e-15,0.898191
6.3,1064.6682,0.9178174436,0.9178174436,1.110e-15,0.903019
6.4,1069.1355,0.9216685544,0.9216685544,7.772e-16,0.907622
6.5,1073.4016,0.9253462253,0.9253462253,6.661e-16,0.912012
6.6,1077.4748,0.9288576215,0.9288576215,4.441e-16,0.916197
6.7,1081.3632,0.9322096717,0.9322096717,5.551e-16,0.920187
6.8,1085.0745,0.9354090706,0.9354090706,6.661e-16,0.923991
6.9,1088.6162,0.9384622813,0.9384622813,4.441e-16,0.927617
7.0,1091.9956,0.9413755385,0.9413755385,4.441e-16,0.931074
7.1,1095.2196,0.9441548524,0.9441548524,3.331e-16,0.934368
7.2,1098.2950,0.9468060128,0.9468060128,3.331e-16,0.937508
7.3,1101.2281,0.9493345935,0.9493345935,3.331e-16,0.940500
7.4,1104.0253,0.9517459572,0.9517459572,7.772e-16,0.943351
7.5,1106.6925,0.9540452602,0.9540452602,3.331e-16,0.946068
7.6,1109.2355,0.9562374581,0.9562374581,2.220e-16,0.948656
7.7,1111.6597,0.9583273110,0.9583273110,7.772e-16,0.951122
7.8,1113.9705,0.9603193885,0.9603193885,5.551e-16,0.953471
7.9,1116.1730,0.9622180761,0.9622180761,7.772e-16,0.955709
8.0,1118.2720,0.9640275801,0.9640275801,5.551e-16,0.957841
8.1,1120.2722,0.9657519334,0.9657519334,1.221e-15,0.959871
8.2,1122.1782,0.9673950013,0.9673950013,1.332e-15,0.961804
8.3,1123.9942,0.9689604868,0.9689604868,1.554e-15,0.963646
8.4,1125.7242,0.9704519366,0.9704519366,1.776e-15,0.965399
8.5,1127.3724,0.9718727459,0.9718727459,1.554e-15,0.967069
8.6,1128.9424,0.9732261643,0.9732261643,1.554e-15,0.968659
8.7,1130.4377,0.9745153011,0.9745153011,1.998e-15,0.970173
8.8,1131.8620,0.9757431300,0.9757431300,2.109e-15,0.971614
8.9,1133.2185,0.9769124950,0.9769124950,1.887e-15,0.972987
9.0,1134.5103,0.9780261147,0.9780261147,1.554e-15,0.974294
9.1,1135.7404,0.9790865875,0.9790865875,1.554e-15,0.975537
9.2,1136.9118,0.9800963963,0.9800963963,1.221e-15,0.976722
9.3,1138.0272,0.9810579128,0.9810579128,1.221e-15,0.977849
9.4,1139.0891,0.9819734027,0.9819734027,1.110e-15,0.978922
9.5,1140.1002,0.9828450292,0.9828450292,1.887e-15,0.979943
9.6,1141.0628,0.9836748577,0.9836748577,1.554e-15,0.980915
9.7,1141.9792,0.9844648598,0.9844648598,1.776e-15,0.981841
9.8,1142.8516,0.9852169173,0.9852169173,1.332e-15,0.982721
9.9,1143.6821,0.9859328257,0.9859328257,1.332e-15,0.983559
10.0,1144.4726,0.9866142982,0.9866142982,1.110e-15,0.984357
10.1,1145.2250,0.9872629690,0.9872629690,1.554e-15,0.985116
10.2,1145.9413,0.9878803970,0.9878803970,1.221e-15,0.985839
10.3,1146.6230,0.9884680689,0.9884680689,1.443e-15,0.986527
10.4,1147.2718,0.9890274022,0.9890274022,1.998e-15,0.987181
10.5,1147.8893,0.9895597486,0.9895597486,1.887e-15,0.987804
10.6,1148.4770,0.9900663967,0.9900663967,9.992e-16,0.988396
10.7,1149.0363,0.9905485748,0.9905485748,8.882e-16,0.988960
10.8,1149.5686,0.9910074537,0.9910074537,8.882e-16,0.989497
10.9,1150.0752,0.9914441492,0.9914441492,1.443e-15,0.990007
11.0,1150.5573,0.9918597246,0.9918597246,1.554e-15,0.990493
11.1,1151.0160,0.9922551931,0.9922551931,1.443e-15,0.990955
11.2,1151.4526,0.9926315202,0.9926315202,1.110e-15,0.991395
11.3,1151.8680,0.9929896256,0.9929896256,7.772e-16,0.991814
11.4,1152.2632,0.9933303854,0.9933303854,6.661e-16,0.992212
11.5,1152.6394,0.9936546343,0.9936546343,2.220e-16,0.992591
11.6,1152.9973,0.9939631674,0.9939631674,2.220e-16,0.992952
11.7,1153.3378,0.9942567417,0.9942567417,1.110e-16,0.993295
11.8,1153.6619,0.9945360785,0.9945360785,5.551e-16,0.993621
11.9,1153.9702,0.9948018645,0.9948018645,6.661e-16,0.993931
12.0,1154.2635,0.9950547537,0.9950547537,3.331e-16,0.994227
12.1,1154.5426,0.9952953689,0.9952953689,4.441e-16,0.994508
12.2,1154.8082,0.9955243030,0.9955243030,3.331e-16,0.994775
12.3,1155.0609,0.9957421206,0.9957421206,2.220e-16,0.995030
12.4,1155.3013,0.9959493592,0.9959493592,2.220e-16,0.995272
12.5,1155.5300,0.9961465307,0.9961465307,5.551e-16,0.995502
12.6,1155.7476,0.9963341221,0.9963341221,7.772e-16,0.995721
12.7,1155.9546,0.9965125973,0.9965125973,6.661e-16,0.995929
12.8,1156.1516,0.9966823978,0.9966823978,1.110e-16,0.996128
12.9,1156.3390,0.9968439439,0.9968439439,2.220e-16,0.996316
13.0,1156.5173,0.9969976355,0.9969976355,2.220e-16,0.996496
13.1,1156.6869,0.9971438534,0.9971438534,2.220e-16,0.996666
13.2,1156.8482,0.9972829601,0.9972829601,2.220e-16,0.996829
13.3,1157.0017,0.9974153004,0.9974153004,1.110e-16,0.996983
13.4,1157.1478,0.9975412028,0.9975412028,0.000e+00,0.997130
13.5,1157.2867,0.9976609795,0.9976609795,1.110e-16,0.997270
13.6,1157.4189,0.9977749279,0.9977749279,0.000e+00,0.997403
13.7,1157.5447,0.9978833311,0.9978833311,3.331e-16,0.997530
13.8,1157.6643,0.9979864584,0.9979864584,1.110e-16,0.997650
13.9,1157.7781,0.9980845659,0.9980845659,4.441e-16,0.997765
14.0,1157.8864,0.9981778976,0.9981778976,1.110e-16,0.997874
14.1,1157.9894,0.9982666856,0.9982666856,0.000e+00,0.997977
14.2,1158.0873,0.9983511506,0.9983511506,0.000e+00,0.998076
14.3,1158.1805,0.9984315029,0.9984315029,0.000e+00,0.998170
14.4,1158.2692,0.9985079423,0.9985079423,1.110e-16,0.998259
14.5,1158.3536,0.9985806592,0.9985806592,1.110e-16,0.998344
14.6,1158.4338,0.9986498345,0.9986498345,4.441e-16,0.998424
14.7,1158.5101,0.9987156406,0.9987156406,1.110e-16,0.998501
14.8,1158.5828,0.9987782413,0.9987782413,4.441e-16,0.998574
14.9,1158.6518,0.9988377925,0.9988377925,2.220e-16,0.998644
15.0,1158.7176,0.9988944427,0.9988944427,2.220e-16,0.998710
15.1,1158.7801,0.9989483330,0.9989483330,6.661e-16,0.998773
15.2,1158.8395,0.9989995978,0.9989995978,5.551e-16,0.998833
15.3,1158.8961,0.9990483648,0.9990483648,6.661e-16,0.998890
15.4,1158.9499,0.9990947556,0.9990947556,1.221e-15,0.998944
15.5,1159.0011,0.9991388858,0.9991388858,1.554e-15,0.998995
15.6,1159.0498,0.9991808657,0.9991808657,1.554e-15,0.999044
15.7,1159.0961,0.9992207998,0.9992207998,1.998e-15,0.999091
15.8,1159.1402,0.9992587877,0.9992587877,1.998e-15,0.999135
15.9,1159.1821,0.9992949243,0.9992949243,2.220e-15,0.999177
16.0,1159.2220,0.9993292997,0.9993292997,2.665e-15,0.999217
16.1,1159.2599,0.9993619997,0.9993619997,1.443e-15,0.999256
16.2,1159.2960,0.9993931059,0.9993931059,1.776e-15,0.999292
16.3,1159.3303,0.9994226960,0.9994226960,1.443e-15,0.999326
16.4,1159.3630,0.9994508437,0.9994508437,2.442e-15,0.999359
16.5,1159.3940,0.9994776194,0.9994776194,2.109e-15,0.999390
16.6,1159.4236,0.9995030898,0.9995030898,1.332e-15,0.999420
16.7,1159.4517,0.9995273187,0.9995273187,1.332e-15,0.999448
16.8,1159.4784,0.9995503665,0.9995503665,1.221e-15,0.999475
16.9,1159.5039,0.9995722907,0.9995722907,8.882e-16,0.999501
17.0,1159.5280,0.9995931460,0.9995931460,1.221e-15,0.999525
17.1,1159.5511,0.9996129847,0.9996129847,1.221e-15,0.999548
17.2,1159.5730,0.9996318562,0.9996318562,1.110e-15,0.999570
17.3,1159.5938,0.9996498076,0.9996498076,1.110e-15,0.999591
17.4,1159.6136,0.9996668839,0.9996668839,1.554e-15,0.999611
17.5,1159.6324,0.9996831276,0.9996831276,1.554e-15,0.999630
17.6,1159.6504,0.9996985793,0.9996985793,1.332e-15,0.999648
17.7,1159.6674,0.9997132776,0.9997132776,1.332e-15,0.999665
17.8,1159.6836,0.9997272593,0.9997272593,6.661e-16,0.999682
17.9,1159.6990,0.9997405593,0.9997405593,2.220e-16,0.999697
18.0,1159.7137,0.9997532108,0.9997532108,1.110e-16,0.999712
18.1,1159.7277,0.9997652455,0.9997652455,1.110e-16,0.999726
18.2,1159.7410,0.9997766933,0.9997766933,1.110e-16,0.999739
18.3,1159.7536,0.9997875830,0.9997875830,1.110e-16,0.999752
18.4,1159.7656,0.9997979416,0.9997979416,3.331e-16,0.999764
18.5,1159.7770,0.9998077952,0.9998077952,3.331e-16,0.999776
18.6,1159.7879,0.9998171683,0.9998171683,0.000e+00,0.999787
18.7,1159.7983,0.9998260843,0.9998260843,0.000e+00,0.999797
18.8,1159.8081,0.9998345656,0.9998345656,0.000e+00,0.999807
18.9,1159.8175,0.9998426333,0.9998426333,0.000e+00,0.999816
19.0,1159.8264,0.9998503075,0.9998503075,1.110e-16,0.999825
19.1,1159.8348,0.9998576076,0.9998576076,1.110e-16,0.999834
19.2,1159.8429,0.9998645517,0.9998645517,6.661e-16,0.999842
19.3,1159.8505,0.9998711572,0.9998711572,5.551e-16,0.999850
19.4,1159.8578,0.9998774405,0.9998774405,6.661e-16,0.999857
19.5,1159.8648,0.9998834175,0.9998834175,7.772e-16,0.999864
19.6,1159.8714,0.9998891030,0.9998891030,7.772e-16,0.999871
19.7,1159.8776,0.9998945112,0.9998945112,8.882e-16,0.999877
19.8,1159.8836,0.9998996557,0.9998996557,1.221e-15,0.999883
19.9,1159.8893,0.9999045493,0.9999045493,6.661e-16,0.999889
20.0,1159.8947,0.9999092043,0.9999092043,8.882e-16,0.999894
20.1,1159.8998,0.9999136322,0.9999136322,1.332e-15,0.999899
20.2,1159.9047,0.9999178443,0.9999178443,7.772e-16,0.999904
20.3,1159.9093,0.9999218509,0.9999218509,9.992e-16,0.999909
20.4,1159.9138,0.9999256621,0.9999256621,1.332e-15,0.999913
20.5,1159.9180,0.9999292875,0.9999292875,1.221e-15,0.999917
20.6,1159.9220,0.9999327361,0.9999327361,1.332e-15,0.999922
20.7,1159.9258,0.9999360165,0.9999360165,8.882e-16,0.999925
20.8,1159.9294,0.9999391369,0.9999391369,2.220e-16,0.999929
20.9,1159.9328,0.9999421051,0.9999421051,2.220e-16,0.999932
21.0,1159.9361,0.9999449286,0.9999449286,1.110e-16,0.999936
21.1,1159.9392,0.9999476144,0.9999476144,5.551e-16,0.999939
21.2,1159.9422,0.9999501692,0.9999501692,1.110e-16,0.999942
21.3,1159.9450,0.9999525994,0.9999525994,1.110e-16,0.999945
21.4,1159.9477,0.9999549111,0.9999549111,3.331e-16,0.999947
21.5,1159.9502,0.9999571101,0.9999571101,3.331e-16,0.999950
21.6,1159.9527,0.9999592018,0.9999592018,1.110e-16,0.999952
21.7,1159.9550,0.9999611915,0.9999611915,1.110e-16,0.999955
21.8,1159.9572,0.9999630842,0.9999630842,1.110e-16,0.999957
21.9,1159.9593,0.9999648846,0.9999648846,2.220e-16,0.999959
22.0,1159.9613,0.9999665972,0.9999665972,1.110e-16,0.999961
22.1,1159.9631,0.9999682262,0.9999682262,2.220e-16,0.999963
22.2,1159.9649,0.9999697758,0.9999697758,6.661e-16,0.999965
22.3,1159.9666,0.9999712498,0.9999712498,1.221e-15,0.999966
22.4,1159.9683,0.9999726520,0.9999726520,9.992e-16,0.999968
22.5,1159.9698,0.9999739857,0.9999739857,1.554e-15,0.999970
22.6,1159.9713,0.9999752545,0.9999752545,1.554e-15,0.999971
22.7,1159.9727,0.9999764613,0.9999764613,1.554e-15,0.999973
22.8,1159.9740,0.9999776093,0.9999776093,1.332e-15,0.999974
22.9,1159.9753,0.9999787013,0.9999787013,1.665e-15,0.999975
23.0,1159.9765,0.9999797400,0.9999797400,1.887e-15,0.999976
23.1,1159.9776,0.9999807281,0.9999807281,1.332e-15,0.999978
23.2,1159.9787,0.9999816680,0.9999816680,1.221e-15,0.999979
23.3,1159.9798,0.9999825620,0.9999825620,7.772e-16,0.999980
23.4,1159.9808,0.9999834125,0.9999834125,9.992e-16,0.999981
23.5,1159.9817,0.9999842215,0.9999842215,1.332e-15,0.999982
23.6,1159.9826,0.9999849910,0.9999849910,1.443e-15,0.999982
23.7,1159.9834,0.9999857230,0.9999857230,1.887e-15,0.999983
23.8,1159.9842,0.9999864193,0.9999864193,1.665e-15,0.999984
23.9,1159.9850,0.9999870816,0.9999870816,1.887e-15,0.999985
24.0,1159.9857,0.9999877117,0.9999877117,1.998e-15,0.999986
24.1,1159.9864,0.9999883110,0.9999883110,1.776e-15,0.999986
24.2,1159.9871,0.9999888810,0.9999888810,1.998e-15,0.999987
24.3,1159.9877,0.9999894233,0.9999894233,1.887e-15,0.999988
24.4,1159.9883,0.9999899391,0.9999899391,2.109e-15,0.999988
24.5,1159.9889,0.9999904298,0.9999904298,2.220e-15,0.999989
24.6,1159.9894,0.9999908966,0.9999908966,2.442e-15,0.999989
24.7,1159.9900,0.9999913405,0.9999913405,1.887e-15,0.999990
24.8,1159.9904,0.9999917629,0.9999917629,1.776e-15,0.999990
24.9,1159.9909,0.9999921646,0.9999921646,9.992e-16,0.999991
25.0,1159.9914,0.9999925467,0.9999925467,9.992e-16,0.999991
25.1,1159.9918,0.9999929102,0.9999929102,9.992e-16,0.999992
25.2,1159.9922,0.9999932560,0.9999932560,1.332e-15,0.999992
25.3,1159.9926,0.9999935849,0.9999935849,1.554e-15,0.999993
25.4,1159.9929,0.9999938978,0.9999938978,1.221e-15,0.999993
25.5,1159.9933,0.9999941954,0.9999941954,9.992e-16,0.999993
25.6,1159.9936,0.9999944785,0.9999944785,1.110e-15,0.999994
25.7,1159.9939,0.9999947478,0.9999947478,1.332e-15,0.999994
25.8,1159.9942,0.9999950039,0.9999950039,7.772e-16,0.999994
25.9,1159.9945,0.9999952476,0.9999952476,1.332e-15,0.999994
26.0,1159.9948,0.9999954794,0.9999954794,1.443e-15,0.999995
26.1,1159.9950,0.9999956998,0.9999956998,1.443e-15,0.999995
26.2,1159.9953,0.9999959095,0.9999959095,1.776e-15,0.999995
26.3,1159.9955,0.9999961090,0.9999961090,2.109e-15,0.999995
26.4,1159.9957,0.9999962988,0.9999962988,1.998e-15,0.999996
26.5,1159.9959,0.9999964793,0.9999964793,1.998e-15,0.999996
26.6,1159.9961,0.9999966510,0.9999966510,1.776e-15,0.999996
26.7,1159.9963,0.9999968144,0.9999968144,2.220e-15,0.999996
26.8,1159.9965,0.9999969697,0.9999969697,2.109e-15,0.999996
26.9,1159.9967,0.9999971175,0.9999971175,1.776e-15,0.999997
27.0,1159.9968,0.9999972581,0.9999972581,1.110e-15,0.999997
27.1,1159.9970,0.9999973918,0.9999973918,1.110e-15,0.999997
27.2,1159.9971,0.9999975190,0.9999975190,1.332e-15,0.999997
27.3,1159.9973,0.9999976400,0.9999976400,1.332e-15,0.999997
27.4,1159.9974,0.9999977551,0.9999977551,1.332e-15,0.999997
27.5,1159.9975,0.9999978646,0.9999978646,1.554e-15,0.999998
27.6,1159.9976,0.9999979687,0.9999979687,1.665e-15,0.999998
27.7,1159.9978,0.9999980678,0.9999980678,1.887e-15,0.999998
27.8,1159.9979,0.9999981620,0.9999981620,2.109e-15,0.999998
27.9,1159.9980,0.9999982517,0.9999982517,1.998e-15,0.999998
28.0,1159.9981,0.9999983369,0.9999983369,1.887e-15,0.999998
28.1,1159.9982,0.9999984181,0.9999984181,1.776e-15,0.999998
28.2,1159.9983,0.9999984952,0.9999984952,8.882e-16,0.999998
28.3,1159.9983,0.9999985686,0.9999985686,3.331e-16,0.999998
28.4,1159.9984,0.9999986384,0.9999986384,5.551e-16,0.999998
28.5,1159.9985,0.9999987048,0.9999987048,1.110e-16,0.999998
28.6,1159.9986,0.9999987680,0.9999987680,4.441e-16,0.999999
28.7,1159.9986,0.9999988281,0.9999988281,6.661e-16,0.999999
28.8,1159.9987,0.9999988852,0.9999988852,1.110e-15,0.999999
28.9,1159.9988,0.9999989396,0.9999989396,7.772e-16,0.999999
29.0,1159.9988,0.9999989913,0.9999989913,7.772e-16,0.999999
29.1,1159.9989,0.9999990405,0.9999990405,8.882e-16,0.999999
29.2,1159.9989,0.9999990873,0.9999990873,9.992e-16,0.999999
29.3,1159.9990,0.9999991318,0.9999991318,9.992e-16,0.999999
29.4,1159.9990,0.9999991742,0.9999991742,1.110e-15,0.999999
29.5,1159.9991,0.9999992144,0.9999992144,1.110e-15,0.999999
29.6,1159.9991,0.9999992527,0.9999992527,9.992e-16,0.999999
29.7,1159.9992,0.9999992892,0.9999992892,7.772e-16,0.999999
29.8,1159.9992,0.9999993239,0.9999993239,7.772e-16,0.999999
29.9,1159.9993,0.9999993568,0.9999993568,1.332e-15,0.999999
30.0,1159.9993,0.9999993882,0.9999993882,4.441e-16,0.999999
30.1,1159.9993,0.9999994180,0.9999994180,2.220e-16,0.999999
30.2,1159.9994,0.9999994464,0.9999994464,4.441e-16,0.999999
30.3,1159.9994,0.9999994734,0.9999994734,6.661e-16,0.999999
30.4,1159.9994,0.9999994991,0.9999994991,1.110e-15,0.999999
30.5,1159.9994,0.9999995235,0.9999995235,9.992e-16,0.999999
30.6,1159.9995,0.9999995468,0.9999995468,7.772e-16,0.999999
30.7,1159.9995,0.9999995689,0.9999995689,4.441e-16,0.999999
30.8,1159.9995,0.9999995899,0.9999995899,6.661e-16,1.000000
30.9,1159.9995,0.9999996099,0.9999996099,1.110e-16,1.000000
31.0,1159.9996,0.9999996289,0.9999996289,0.000e+00,1.000000
31.1,1159.9996,0.9999996470,0.9999996470,1.110e-16,1.000000
31.2,1159.9996,0.9999996642,0.9999996642,3.331e-16,1.000000
31.3,1159.9996,0.9999996806,0.9999996806,5.551e-16,1.000000
31.4,1159.9996,0.9999996962,0.9999996962,4.441e-16,1.000000
31.5,1159.9997,0.9999997110,0.9999997110,1.110e-16,1.000000
31.6,1159.9997,0.9999997251,0.9999997251,1.110e-16,1.000000
31.7,1159.9997,0.9999997385,0.9999997385,5.551e-16,1.000000
31.8,1159.9997,0.9999997513,0.9999997513,3.331e-16,1.000000
31.9,1159.9997,0.9999997634,0.9999997634,3.331e-16,1.000000
32.0,1159.9997,0.9999997749,0.9999997749,6.661e-16,1.000000
32.1,1159.9998,0.9999997859,0.9999997859,9.992e-16,1.000000
32.2,1159.9998,0.9999997963,0.9999997963,1.443e-15,1.000000
32.3,1159.9998,0.9999998063,0.9999998063,1.332e-15,1.000000
32.4,1159.9998,0.9999998157,0.9999998157,1.332e-15,1.000000
32.5,1159.9998,0.9999998247,0.9999998247,1.332e-15,1.000000
32.6,1159.9998,0.9999998333,0.9999998333,1.554e-15,1.000000
32.7,1159.9998,0.9999998414,0.9999998414,1.110e-15,1.000000
32.8,1159.9998,0.9999998491,0.9999998491,8.882e-16,1.000000
32.9,1159.9998,0.9999998565,0.9999998565,4.441e-16,1.000000
33.0,1159.9998,0.9999998635,0.9999998635,1.110e-16,1.000000
33.1,1159.9998,0.9999998701,0.9999998701,3.331e-16,1.000000
33.2,1159.9999,0.9999998765,0.9999998765,5.551e-16,1.000000
33.3,1159.9999,0.9999998825,0.9999998825,0.000e+00,1.000000
33.4,1159.9999,0.9999998882,0.9999998882,1.110e-16,1.000000
33.5,1159.9999,0.9999998937,0.9999998937,5.551e-16,1.000000
33.6,1159.9999,0.9999998989,0.9999998989,2.220e-16,1.000000
33.7,1159.9999,0.9999999038,0.9999999038,6.661e-16,1.000000
33.8,1159.9999,0.9999999085,0.9999999085,7.772e-16,1.000000
33.9,1159.9999,0.9999999130,0.9999999130,7.772e-16,1.000000
34.0,1159.9999,0.9999999172,0.9999999172,9.992e-16,1.000000
34.1,1159.9999,0.9999999212,0.9999999212,8.882e-16,1.000000
34.2,1159.9999,0.9999999251,0.9999999251,1.221e-15,1.000000
34.3,1159.9999,0.9999999287,0.9999999287,1.443e-15,1.000000
34.4,1159.9999,0.9999999322,0.9999999322,1.665e-15,1.000000
34.5,1159.9999,0.9999999355,0.9999999355,2.109e-15,1.000000
34.6,1159.9999,0.9999999387,0.9999999387,2.220e-15,1.000000
34.7,1159.9999,0.9999999417,0.9999999417,2.109e-15,1.000000
34.8,1159.9999,0.9999999445,0.9999999445,1.998e-15,1.000000
34.9,1159.9999,0.9999999472,0.9999999472,1.665e-15,1.000000
35.0,1159.9999,0.9999999498,0.9999999498,1.554e-15,1.000000
35.1,1159.9999,0.9999999522,0.9999999522,9.992e-16,1.000000
35.2,1159.9999,0.9999999546,0.9999999546,7.772e-16,1.000000
35.3,1159.9999,0.9999999568,0.9999999568,9.992e-16,1.000000
35.4,1160.0000,0.9999999589,0.9999999589,6.661e-16,1.000000
35.5,1160.0000,0.9999999609,0.9999999609,4.441e-16,1.000000
35.6,1160.0000,0.9999999628,0.9999999628,5.551e-16,1.000000
35.7,1160.0000,0.9999999646,0.9999999646,3.331e-16,1.000000
35.8,1160.0000,0.9999999663,0.9999999663,1.110e-16,1.000000
35.9,1160.0000,0.9999999680,0.9999999680,1.110e-16,1.000000
36.0,1160.0000,0.9999999695,0.9999999695,6.661e-16,1.000000
36.1,1160.0000,0.9999999710,0.9999999710,1.110e-16,1.000000
36.2,1160.0000,0.9999999724,0.9999999724,2.220e-16,1.000000
36.3,1160.0000,0.9999999738,0.9999999738,1.110e-16,1.000000
36.4,1160.0000,0.9999999751,0.9999999751,3.331e-16,1.000000
36.5,1160.0000,0.9999999763,0.9999999763,2.220e-16,1.000000
36.6,1160.0000,0.9999999774,0.9999999774,4.441e-16,1.000000
36.7,1160.0000,0.9999999785,0.9999999785,5.551e-16,1.000000
36.8,1160.0000,0.9999999796,0.9999999796,8.882e-16,1.000000
36.9,1160.0000,0.9999999806,0.9999999806,9.992e-16,1.000000
37.0,1160.0000,0.9999999815,0.9999999815,7.772e-16,1.000000
37.1,1160.0000,0.9999999824,0.9999999824,1.110e-15,1.000000
37.2,1160.0000,0.9999999833,0.9999999833,7.772e-16,1.000000
37.3,1160.0000,0.9999999841,0.9999999841,1.332e-15,1.000000
37.4,1160.0000,0.9999999849,0.9999999849,1.110e-15,1.000000
37.5,1160.0000,0.9999999856,0.9999999856,7.772e-16,1.000000
37.6,1160.0000,0.9999999863,0.9999999863,6.661e-16,1.000000
37.7,1160.0000,0.9999999870,0.9999999870,8.882e-16,1.000000
37.8,1160.0000,0.9999999876,0.9999999876,1.110e-15,1.000000
37.9,1160.0000,0.9999999882,0.9999999882,1.443e-15,1.000000
38.0,1160.0000,0.9999999888,0.9999999888,1.998e-15,1.000000
38.1,1160.0000,0.9999999893,0.9999999893,2.109e-15,1.000000
38.2,1160.0000,0.9999999899,0.9999999899,1.443e-15,1.000000
38.3,1160.0000,0.9999999904,0.9999999904,1.443e-15,1.000000
38.4,1160.0000,0.9999999908,0.9999999908,2.109e-15,1.000000
38.5,1160.0000,0.9999999913,0.9999999913,1.998e-15,1.000000
38.6,1160.0000,0.9999999917,0.9999999917,1.776e-15,1.000000
38.7,1160.0000,0.9999999921,0.9999999921,1.221e-15,1.000000
38.8,1160.0000,0.9999999925,0.9999999925,1.554e-15,1.000000
38.9,1160.0000,0.9999999929,0.9999999929,1.332e-15,1.000000
39.0,1160.0000,0.9999999932,0.9999999932,1.776e-15,1.000000
39.1,1160.0000,0.9999999935,0.9999999935,1.443e-15,1.000000
39.2,1160.0000,0.9999999939,0.9999999939,1.110e-15,1.000000
39.3,1160.0000,0.9999999942,0.9999999942,7.772e-16,1.000000
39.4,1160.0000,0.9999999944,0.9999999944,7.772e-16,1.000000
39.5,1160.0000,0.9999999947,0.9999999947,7.772e-16,1.000000
39.6,1160.0000,0.9999999950,0.9999999950,8.882e-16,1.000000
39.7,1160.0000,0.9999999952,0.9999999952,1.110e-15,1.000000
39.8,1160.0000,0.9999999954,0.9999999954,1.665e-15,1.000000
39.9,1160.0000,0.9999999957,0.9999999957,1.332e-15,1.000000
40.0,1160.0000,0.9999999959,0.9999999959,9.992e-16,1.000000
